{"cameraMode":{"drawMode":0,"name":"Shaded","section":"Shading Mode"},"sceneLighting":true,"audioPlay":false,"sceneViewState":{"showFog":false,"showMaterialUpdate":false,"showSkybox":false,"showFlares":false,"showImageEffects":false,"showParticleSystems":false},"in2DMode":false,"pivot":{"x":-0.33000001311302187,"y":1.340000033378601,"z":1.600000023841858},"rotation":{"x":0.16136284172534944,"y":0.053259607404470447,"z":-0.008735482580959797,"w":0.9854415059089661},"size":12.457198143005371,"orthographic":false}